<?xml version="1.0"?>
<config>
    <tabs>
        <WYOMIND translate="label">
            <label>WYOMIND</label>
            <sort_order>1000000</sort_order>
        </WYOMIND>
    </tabs>
    <sections>
        <watchlogpro translate="label">
            <label>Watchlog</label>
            <tab>WYOMIND</tab>
            <frontend_type>text</frontend_type>
            <sort_order>1000</sort_order>
            <show_in_default>1</show_in_default>
            <show_in_website>0</show_in_website>
            <show_in_store>0</show_in_store>
            <groups>
                <license translate="label">
                    <label>License</label>
                    <frontend_type>text</frontend_type>
                    <sort_order>10</sort_order>
                    <show_in_default>1</show_in_default>
                    <show_in_website>0</show_in_website>
                    <show_in_store>0</show_in_store>
                    <fields>
                        <version translate="label comment">
                            <label>Extension version</label>
                            <frontend_type>text</frontend_type>
                            <frontend_model>Wyomind_Watchlog_Model_System_Config_Source_Link</frontend_model>
                            <sort_order>100</sort_order>
                            <show_in_default>1</show_in_default>
                            <show_in_website>0</show_in_website>
                            <show_in_store>0</show_in_store>
                        </version>
                    </fields>
                </license>
                <settings translate="label">
                    <label>Connection attempts history</label>
                    <frontend_type>text</frontend_type>
                    <sort_order>20</sort_order>
                    <show_in_default>1</show_in_default>
                    <show_in_website>0</show_in_website>
                    <show_in_store>0</show_in_store>
                    <fields>
                        <history translate="label comment">
                            <label>History lifetime in days</label>
                            <comment>
                <![CDATA[<span class="notice">Enter 0 for unlimited life time</span>]]>
                            </comment>
                            <frontend_type>text</frontend_type>
                            <sort_order>10</sort_order>
                            <show_in_default>1</show_in_default>
                            <show_in_website>0</show_in_website>
                            <show_in_store>0</show_in_store>
                        </history>
                        <report translate="label comment">
                            <label>Send a periodical report</label>
                       
                            <frontend_type>select</frontend_type>
                            <source_model>adminhtml/system_config_source_yesno</source_model>
                            <sort_order>20</sort_order>
                            <show_in_default>1</show_in_default>
                            <show_in_website>0</show_in_website>
                            <show_in_store>0</show_in_store>
                        </report>
                        <report_title translate="label comment">
                            <label>Report title</label>
                            <frontend_type>text</frontend_type>
                            <sort_order>30</sort_order>
                            <show_in_default>1</show_in_default>
                            <show_in_website>0</show_in_website>
                            <show_in_store>0</show_in_store>
                             <depends>
                                <report>1</report>
                            </depends>
                        </report_title>
                        <report_period translate="label comment">
                            <label>Period to report in days</label>
                            <comment>
                <![CDATA[<span class="notice">Enter 0 for unlimited period</span>]]>
                            </comment>
                            <frontend_type>text</frontend_type>
                            <sort_order>30</sort_order>
                            <show_in_default>1</show_in_default>
                            <show_in_website>0</show_in_website>
                            <show_in_store>0</show_in_store>
                             <depends>
                                <report>1</report>
                            </depends>
                        </report_period>
                        <report_emails translate="label comment">
                            <label>Report recipients</label>
                            <comment>
              <![CDATA[<span class="notice">Emails must be separated with a comma (,).</span>]]>
                            </comment>
                            <frontend_type>text</frontend_type>
                            <sort_order>40</sort_order>
                            <show_in_default>1</show_in_default>
                            <show_in_website>0</show_in_website>
                            <show_in_store>0</show_in_store>
                            <depends>
                                <report>1</report>
                            </depends>
                        </report_emails>
                        <cron translate="label comment">
                            <label>Report schedule</label>
                            <frontend_type>text</frontend_type> 
                            <frontend_model>Wyomind_Watchlog_Block_Adminhtml_System_Config_Form_Field_Cron</frontend_model>
                            <sort_order>50</sort_order>
                            <show_in_default>1</show_in_default>
                            <show_in_website>0</show_in_website>
                            <show_in_store>0</show_in_store>
                            <depends>
                                <report>1</report>
                            </depends>
                        </cron>
                    </fields>
                </settings>
            </groups>
        </watchlogpro>
    </sections>
</config>




